{
  "metrics": {
    "accuracy": 0.90932,
    "precision": 0.8568147013782542,
    "recall": 0.1119,
    "f1": 0.1979479922165222,
    "roc_auc": 0.9280535666666667,
    "confusion_matrix": [
      [
        89813,
        187
      ],
      [
        8881,
        1119
      ]
    ],
    "confidence_mean": 0.10205,
    "confidence_std": 0.21711931627563683
  },
  "predictions_sample": [
    0,
    0,
    0,
    0,
    0,
    0,
    0,
    0,
    0,
    0,
    0,
    0,
    0,
    0,
    0,
    0,
    0,
    0,
    0,
    0,
    0,
    0,
    0,
    0,
    0,
    0,
    0,
    0,
    0,
    0,
    0,
    0,
    0,
    0,
    0,
    0,
    0,
    0,
    0,
    0,
    0,
    0,
    0,
    0,
    0,
    0,
    0,
    0,
    0,
    0,
    0,
    0,
    0,
    0,
    0,
    0,
    0,
    0,
    0,
    1,
    0,
    0,
    1,
    0,
    0,
    0,
    0,
    0,
    0,
    0,
    0,
    0,
    0,
    0,
    0,
    0,
    0,
    0,
    0,
    0,
    0,
    0,
    0,
    0,
    0,
    0,
    0,
    0,
    0,
    0,
    0,
    0,
    0,
    0,
    0,
    0,
    0,
    0,
    0,
    0
  ],
  "confidence_sample": [
    0.0,
    0.0,
    0.0,
    0.0,
    0.5,
    0.5,
    0.0,
    0.0,
    0.0,
    0.0,
    0.0,
    0.0,
    0.0,
    0.0,
    0.0,
    0.5,
    0.0,
    0.0,
    0.5,
    0.5,
    0.0,
    0.0,
    0.0,
    0.0,
    0.0,
    0.5,
    0.0,
    0.0,
    0.0,
    0.0,
    0.0,
    0.0,
    0.0,
    0.0,
    0.0,
    0.0,
    0.0,
    0.5,
    0.0,
    0.0,
    0.5,
    0.0,
    0.0,
    0.5,
    0.0,
    0.0,
    0.0,
    0.0,
    0.5,
    0.0,
    0.0,
    0.0,
    0.0,
    0.0,
    0.0,
    0.0,
    0.0,
    0.5,
    0.0,
    1.0,
    0.0,
    0.5,
    1.0,
    0.0,
    0.0,
    0.0,
    0.5,
    0.0,
    0.0,
    0.5,
    0.0,
    0.0,
    0.5,
    0.5,
    0.5,
    0.0,
    0.0,
    0.0,
    0.0,
    0.0,
    0.5,
    0.0,
    0.0,
    0.0,
    0.0,
    0.0,
    0.0,
    0.0,
    0.5,
    0.0,
    0.0,
    0.0,
    0.0,
    0.0,
    0.0,
    0.0,
    0.5,
    0.0,
    0.0,
    0.0
  ],
  "comparison": {
    "Isolation Forest": {
      "accuracy": 0.98535,
      "precision": 0.9244157135753357,
      "recall": 0.9295,
      "f1": 0.9269508850660683,
      "roc_auc": 0.9951197977777779,
      "confusion_matrix": [
        [
          89240,
          760
        ],
        [
          705,
          9295
        ]
      ],
      "model_type": "tree"
    },
    "Local Outlier Factor": {
      "accuracy": 0.82345,
      "precision": 0.13037180106228874,
      "recall": 0.135,
      "f1": 0.13264554163596168,
      "roc_auc": 0.4873929188888889,
      "confusion_matrix": [
        [
          80995,
          9005
        ],
        [
          8650,
          1350
        ]
      ],
      "model_type": "density"
    },
    "ARIMA": {
      "accuracy": 0.96092,
      "precision": 0.8046,
      "recall": 0.8046,
      "f1": 0.8046,
      "confusion_matrix": [
        [
          88046,
          1954
        ],
        [
          1954,
          8046
        ]
      ],
      "model_type": "time_series"
    }
  }
}