{
  "accuracy": 0.98535,
  "precision": 0.9244157135753357,
  "recall": 0.9295,
  "f1": 0.9269508850660683,
  "roc_auc": 0.9951197977777779,
  "confusion_matrix": [
    [
      89240,
      760
    ],
    [
      705,
      9295
    ]
  ]
}