{
  "accuracy": 0.82345,
  "precision": 0.13037180106228874,
  "recall": 0.135,
  "f1": 0.13264554163596168,
  "roc_auc": 0.4873929188888889,
  "confusion_matrix": [
    [
      80995,
      9005
    ],
    [
      8650,
      1350
    ]
  ]
}